Timestamp;ortsnetztrafo_Strom_L1;ortsnetztrafo_Strom_L2;ortsnetztrafo_Strom_L3;ortsnetztrafo_Spannung_L1N;ortsnetztrafo_Spannung_L2N;ortsnetztrafo_Spannung_L3N;ortsnetztrafo_Spannung_L12;ortsnetztrafo_Spannung_L23;ortsnetztrafo_Spannung_L31;ortsnetztrafo_Scheinleistung_L1;ortsnetztrafo_Scheinleistung_L2;ortsnetztrafo_Scheinleistung_L3;ortsnetztrafo_Wirkleistung_L1;ortsnetztrafo_Wirkleistung_L2;ortsnetztrafo_Wirkleistung_L3;ortsnetztrafo_Blindleistung_L1;ortsnetztrafo_Blindleistung_L2;ortsnetztrafo_Blindleistung_L3;ortsnetztrafo_Leistungsfaktor_L1;ortsnetztrafo_Leistungsfaktor_L2;ortsnetztrafo_Leistungsfaktor_L3;ortsnetztrafo_Frequenz;ortsnetztrafo_Scheinleistung_gesamt;ortsnetztrafo_Wirkleistung_gesamt;ortsnetztrafo_Blindleistung_gesamt;ortsnetztrafo_Leistungsfaktor_gesamt;smartmeter_Strom Phase L1;smartmeter_Strom Phase L2;smartmeter_Strom Phase L3;smartmeter_Strom gesamt;smartmeter_Spannung U1-N;smartmeter_Spannung U2-N;smartmeter_Spannung U3-N;smartmeter_Spannung U12;smartmeter_Spannung U23;smartmeter_Spannung U31;smartmeter_Wirkleistung gesamt;smartmeter_Wirkleistung Phase 1;smartmeter_Wirkleistung Phase 2;smartmeter_Wirkleistung Phase 3;smartmeter_Blindleistung gesamt;smartmeter_Blindleistung Phase 1;smartmeter_Blindleistung Phase 2;smartmeter_Blindleistung Phase 3;smartmeter_Scheinleistung gesamt;smartmeter_Scheinleistung Phase 1;smartmeter_Scheinleistung Phase 2;smartmeter_Scheinleistung Phase 3;smartmeter_Powerfactor gesamt;smartmeter_Powerfactor Phase 1;smartmeter_Powerfactor Phase 2;smartmeter_Powerfactor Phase 3;smartmeter_Frequenz;wechselrichter_Status;wechselrichter_Frequenz [Hz];wechselrichter_Strom Phase L1 [A];wechselrichter_Strom Phase L2 [A];wechselrichter_Strom Phase L3 [A];wechselrichter_Spannung U1-N [V];wechselrichter_Spannung U2-N [V];wechselrichter_Spannung U3-N [V];wechselrichter_Spannung U12 [V];wechselrichter_Spannung U23 [V];wechselrichter_Spannung U31 [V];wechselrichter_Wirkleistung gesamt [W];wechselrichter_Blindleistung gesamt [var];wechselrichter_Scheinleistung gesamt [VA];wechselrichter_Powerfactor gesamt;wechselrichter_Lebensdauer Energie [Wh];wechselrichter_DC Leistung gesamt [W];sim_data_timestamp;sim_data_pv_power_mpp;sim_data_voltage_mpp;sim_data_amps_mpp;sim_data_load_power_total;sim_data_load_power_phase;sim_data_expected_power
2026-04-10 16:35:53;0.35519111156463623;0.25387901067733765;0.22722023725509644;233.5473175048828;235.3872833251953;235.41444396972656;406.0346374511719;407.5960388183594;406.0480651855469;85.09710693359375;57.747344970703125;56.66299057006836;4.499543190002441;4.217443943023682;0.0;-36.33552169799805;24.131858825683594;28.248064041137695;0.03395569697022438;0.04829662665724754;0.0;49.99025344848633;197.47515869140625;4.7645721435546875;0.6672630310058594;0.03783981129527092;-0.40400001406669617;-0.27000001072883606;-0.24500000476837158;-0.8980000019073486;251.6999969482422;250.60000610351562;249.3000030517578;435.0;432.8999938964844;433.79998779296875;-55.5;-15.5;-17.600000381469727;-22.200000762939453;-37.900001525878906;-64.5;12.899999618530273;13.699999809265137;118.80000305175781;67.19999694824219;23.5;28.100000381469727;-0.8429999947547913;-0.25699999928474426;0.828000009059906;0.8640000224113464;49.900001525878906;MPPT;49.99824905395508;0.3247556984424591;0.31766679883003235;0.3294427990913391;250.6396026611328;249.5870361328125;248.2398681640625;432.6634826660156;430.7189025878906;432.99957275390625;242.10633850097656;-1.098417043685913;242.1088409423828;99.99897003173828;156945.375;281.4781188964844;2016-05-22 05:15:00;290.9175039661555;580.0;0.5015819033899233;181.8159401796337;60;-103.28321370719866
2026-04-10 16:36:22;0.48148155212402344;0.4148011803627014;0.43382716178894043;233.4510498046875;235.51307678222656;235.60171508789062;406.1295471191406;407.89215087890625;406.2674865722656;108.97230529785156;95.29056549072266;99.26074981689453;-72.53460693359375;-71.6788558959961;-83.68397521972656;-32.384952545166016;33.73931121826172;30.761409759521484;0.6763775944709778;0.7531046271324158;0.83692467212677;49.9730224609375;310.7174072265625;-230.92356872558594;28.789030075073242;0.7565519213676453;-0.6069999933242798;-0.5009999871253967;-0.5009999871253967;-1.593999981880188;252.0;250.89999389648438;249.5;435.5;433.29998779296875;434.29998779296875;-344.79998779296875;-112.19999694824219;-114.5;-117.9000015258789;-48.0;-68.0999984741211;9.399999618530273;10.600000381469727;352.79998779296875;127.69999694824219;110.4000015258789;114.5999984741211;-0.9909999966621399;-0.8579999804496765;0.9959999918937683;0.9959999918937683;49.900001525878906;MPPT;49.980010986328125;0.6981756687164307;0.6916938424110413;0.7020814418792725;250.92909240722656;249.9560546875;248.66307067871094;433.22247314453125;431.4187316894531;433.6158752441406;522.5634765625;0.6854287981987;522.5639038085938;-99.99991607666016;156945.375;562.92626953125;2016-05-22 05:30:00;581.8335206240084;582.0042250153699;0.9997066956148695;181.8159401796337;60;-388.3809100318946
2026-04-10 16:36:58;0.7463824152946472;0.7328460812568665;0.7760794758796692;233.56971740722656;235.5931854248047;235.5482177734375;406.30108642578125;407.9891052246094;406.1910095214844;173.78257751464844;172.88888549804688;183.58004760742188;-156.46206665039062;-157.24603271484375;-173.80947875976562;-19.115217208862305;48.670448303222656;37.48055648803711;0.900785505771637;0.9229575991630554;0.9555307030677795;49.98575973510742;528.47509765625;-485.951416015625;68.02484130859375;0.9222800731658936;-0.8930000066757202;-0.8519999980926514;-0.8619999885559082;-2.6070001125335693;252.3000030517578;251.3000030517578;250.0;436.1000061035156;434.1000061035156;435.0;-619.4000244140625;-203.60000610351562;-205.10000610351562;-208.8000030517578;-25.0;-60.0;17.899999618530273;17.0;626.9000244140625;211.5;205.89999389648438;209.5;-0.9980000257492065;-0.953000009059906;0.9980000257492065;0.9980000257492065;49.900001525878906;MPPT;49.98973846435547;1.0931684970855713;1.0867053270339966;1.09725022315979;251.18472290039062;250.3795623779297;248.9984588623047;433.7859191894531;432.0819396972656;434.1444396972656;819.7907104492188;-4.138920783996582;819.8011474609375;99.99872589111328;156945.375;861.3226318359375;2016-05-22 05:45:00;872.751024590164;584.0084602773413;1.4944150366857716;199.13203755417058;66;-656.1639665441901
2026-04-10 16:37:34;1.0858581066131592;1.08842933177948;1.1502418518066406;233.7815704345703;235.76510620117188;235.77438354492188;406.5462646484375;408.23809814453125;406.4621276855469;252.4586639404297;254.86163330078125;269.436767578125;-243.68519592285156;-246.73983764648438;-265.7116394042969;-20.419355392456055;50.539180755615234;35.92963790893555;0.9614142179489136;0.9629791975021362;0.9798333048820496;49.96253967285156;779.6783447265625;-754.5166625976562;67.5916976928711;0.9679272174835205;-1.2510000467300415;-1.2239999771118164;-1.2359999418258667;-3.7109999656677246;252.60000610351562;251.5;250.10000610351562;436.5;434.29998779296875;435.29998779296875;-904.2000122070312;-298.6000061035156;-301.70001220703125;-304.6000061035156;-56.599998474121094;-70.5;7.5;6.199999809265137;913.9000244140625;307.3999938964844;301.79998779296875;304.70001220703125;-0.9980000257492065;-0.9739999771118164;1.0;1.0;49.900001525878906;MPPT;49.9688606262207;1.4658284187316895;1.458437442779541;1.4697643518447876;251.47569274902344;250.1362762451172;249.27952575683594;433.9527282714844;432.05145263671875;434.5790710449219;1099.679443359375;12.956464767456055;1099.7557373046875;-99.9930648803711;156945.375;1148.4251708984375;2016-05-22 06:00:00;1163.6670412480169;586.0126852927112;1.9857369481119156;199.13203755417058;66;-941.261662868886
2026-04-10 16:38:07;1.7597683668136597;1.772904396057129;1.8609434366226196;233.76490783691406;235.5751495361328;235.60379028320312;406.3468017578125;408.00946044921875;406.61834716796875;411.94415283203125;418.9127197265625;438.93780517578125;-406.82257080078125;-410.16278076171875;-435.88330078125;0.0;67.39180755615234;45.710872650146484;0.9874341487884521;0.980363130569458;0.992314338684082;49.955055236816406;1268.46337890625;-1255.625;107.38152313232422;0.9872461557388306;-1.9429999589920044;-1.9270000457763672;-1.9450000524520874;-5.815000057220459;253.1999969482422;252.10000610351562;250.6999969482422;437.6000061035156;435.3999938964844;436.29998779296875;-1442.300048828125;-478.29998779296875;-482.1000061035156;-484.0;-62.099998474121094;-72.5;6.199999809265137;4.099999904632568;1450.9000244140625;484.70001220703125;482.1000061035156;484.0;-0.9990000128746033;-0.9890000224113464;1.0;1.0;49.900001525878906;MPPT;49.95933532714844;2.1027185916900635;2.0951786041259766;2.1065521240234375;252.13467407226562;251.01104736328125;249.77757263183594;435.2394104003906;433.27276611328125;435.5908508300781;1582.18359375;7.187844753265381;1582.199951171875;-99.99896240234375;156945.375;1640.0728759765625;2016-05-22 06:15:00;1655.4336329984135;589.4006421203634;2.808672937720268;147.18374543055992;49;-1475.1412149078853
2026-04-10 16:38:41;2.364926815032959;2.397341012954712;2.502716541290283;233.6601104736328;235.35110473632812;235.47349548339844;406.3155212402344;407.9181213378906;406.46966552734375;555.7921752929688;563.019287109375;588.4114990234375;-553.1697998046875;-556.7137451171875;-587.0882568359375;5.297740459442139;80.51713562011719;53.418941497802734;0.9960159659385681;0.9881186485290527;0.9974728226661682;49.95655059814453;1707.416259765625;-1697.22802734375;137.64077758789062;0.992658793926239;-2.553999900817871;-2.552999973297119;-2.566999912261963;-7.673999786376953;253.6999969482422;252.60000610351562;251.3000030517578;438.3999938964844;436.29998779296875;437.20001220703125;-1922.699951171875;-638.5999755859375;-641.7000122070312;-642.2999877929688;-60.900001525878906;-71.9000015258789;7.400000095367432;3.5999999046325684;1926.800048828125;642.5999755859375;643.2999877929688;644.0;1.0;-0.9950000047683716;1.0;1.0;49.900001525878906;MPPT;49.96906280517578;2.7273311614990234;2.7200305461883545;2.731065034866333;252.71170043945312;251.6999969482422;250.45396423339844;436.3169250488281;434.4917907714844;436.6605224609375;2057.8134765625;-4.06613826751709;2057.817626953125;99.99980163574219;156945.375;2126.0693359375;2016-05-22 06:30:00;2147.197250132205;592.7885784548125;3.622197404223238;155.84487637083203;51;-1948.4084287587289
2026-04-10 16:39:14;3.01373028755188;3.0304431915283203;3.1591196060180664;233.58253479003906;235.5455780029297;235.61993408203125;406.2427673339844;408.00732421875;406.3287658691406;702.709228515625;713.2001342773438;744.1447143554688;-703.4098510742188;-706.68212890625;-743.1228637695312;22.345197677612305;95.72348022460938;62.29619598388672;0.9980095028877258;0.9901593923568726;0.9980593919754028;49.94383239746094;2162.24951171875;-2152.34716796875;170.68019104003906;0.9959393739700317;-3.2009999752044678;-3.2090001106262207;-3.2179999351501465;-9.619999885559082;253.5;252.3000030517578;251.0;438.0;435.79998779296875;436.8999938964844;-2416.39990234375;-803.4000244140625;-806.4000244140625;-805.5;-57.70000076293945;-70.69999694824219;8.699999809265137;4.199999809265137;2416.60009765625;805.5;805.5;805.5;1.0;-0.9959999918937683;1.0;1.0;49.900001525878906;MPPT;49.94960021972656;3.366502523422241;3.359194278717041;3.370478630065918;252.66969299316406;251.50994873046875;250.31089782714844;436.13739013671875;433.9295654296875;436.2663269042969;2537.93603515625;-3.876014232635498;2537.93896484375;99.99988555908203;156945.375;2615.623046875;2016-05-22 06:45:00;2638.9608672659965;596.1765147892615;4.426475719525492;147.18374543055992;49;-2438.9979044901165
2026-04-10 16:39:46;3.541248321533203;3.5528457164764404;3.7052149772644043;233.44534301757812;235.1876220703125;235.21141052246094;405.6199035644531;407.2809143066406;405.7802429199219;827.9043579101562;836.7477416992188;871.788818359375;-827.8662109375;-830.4552612304688;-870.4468383789062;24.754594802856445;102.95946502685547;64.2302474975586;0.9999060034751892;0.9925992488861084;0.9989040493965149;49.91766357421875;2535.79541015625;-2525.989501953125;201.7874755859375;0.9974369406700134;-3.7219998836517334;-3.734999895095825;-3.752000093460083;-11.208999633789062;254.10000610351562;252.6999969482422;251.39999389648438;438.8999938964844;436.5;437.70001220703125;-2819.0;-938.0;-941.2999877929688;-940.5;-47.29999923706055;-67.4000015258789;12.899999618530273;7.099999904632568;2823.10009765625;941.0;941.4000244140625;940.5999755859375;1.0;-0.9980000257492065;1.0;1.0;49.900001525878906;MPPT;49.934814453125;3.9938697814941406;3.9864494800567627;3.9979135990142822;253.1128692626953;251.8926544189453;250.7156524658203;436.88360595703125;434.8523254394531;437.2126159667969;3017.374267578125;-16.30673599243164;3017.418212890625;99.99854278564453;156945.375;3105.241943359375;2016-05-22 07:00:00;3130.7244843997883;599.5644511237107;5.2216646242654114;225.10926586897958;75;-2843.000728842813
2026-04-10 16:40:21;3.675291061401367;3.6883890628814697;3.84153413772583;233.42840576171875;235.07730102539062;235.20201110839844;405.8074951171875;407.3459777832031;405.9267883300781;858.2183227539062;868.1193237304688;904.2478637695312;-859.1708984375;-860.7410278320312;-903.1514282226562;33.29770278930664;107.78047943115234;67.54951477050781;1.0;0.9926615953445435;0.9994593262672424;49.9498176574707;2629.697265625;-2622.135986328125;199.93052673339844;0.9974279403686523;-3.8550000190734863;-3.875999927520752;-3.888000011444092;-11.619000434875488;253.6999969482422;252.1999969482422;251.10000610351562;438.1000061035156;435.79998779296875;437.1000061035156;-2922.5;-972.2999877929688;-974.7999877929688;-974.0999755859375;-62.29999923706055;-71.0;8.600000381469727;0.0;2923.300048828125;974.2000122070312;974.7999877929688;974.0999755859375;1.0;-0.996999979019165;1.0;1.0;49.900001525878906;MPPT;49.954463958740234;4.547599792480469;4.540066719055176;4.551517486572266;252.75213623046875;251.33905029296875;250.37503051757812;436.0388488769531;434.0756530761719;436.66046142578125;3429.987548828125;7.521915435791016;3429.995849609375;-99.999755859375;156945.375;3528.868408203125;2016-05-22 07:15:00;3559.574960338445;602.5189562128561;5.907822357510905;545.4539850449084;181;-2942.929476086768
2026-04-10 16:40:54;4.675283908843994;4.687484264373779;4.867650508880615;233.2328338623047;234.93373107910156;234.952880859375;405.5213928222656;407.03155517578125;405.7087097167969;1088.818603515625;1099.927001953125;1144.4852294921875;-1091.2076416015625;-1094.206298828125;-1144.036865234375;54.82060623168945;130.45611572265625;80.89749145507812;1.0;0.9943457245826721;0.9999803900718689;49.96104431152344;3334.699951171875;-3327.586669921875;273.6822509765625;0.9975405931472778;-4.8429999351501465;-4.870999813079834;-4.888999938964844;-14.602999687194824;254.5;253.0;251.8000030517578;439.5;437.1000061035156;438.3999938964844;-3693.199951171875;-1229.800048828125;-1230.300048828125;-1228.9000244140625;-30.799999237060547;-61.099998474121094;19.399999618530273;10.800000190734863;3689.0;1229.4000244140625;1230.5;1229.0;1.0;-0.9990000128746033;1.0;1.0;50.0;MPPT;49.97514343261719;5.085968017578125;5.078512191772461;5.089984893798828;253.69754028320312;252.33352661132812;251.30967712402344;437.771728515625;435.6358642578125;438.3482360839844;3850.76611328125;-18.473125457763672;3850.810546875;99.99884796142578;156945.375;3958.679443359375;2016-05-22 07:30:00;3988.425436277102;605.4734613020015;6.587283656826922;199.13203755417058;66;-3709.5248899973894
2026-04-10 16:41:28;5.217026233673096;5.231030464172363;5.430263042449951;233.2832794189453;234.9694061279297;235.14093017578125;405.41412353515625;407.0650939941406;405.68145751953125;1222.3341064453125;1230.81396484375;1278.496826171875;-1221.033447265625;-1223.64990234375;-1278.722900390625;55.47198486328125;130.54623413085938;79.92705535888672;1.0;0.9956839084625244;1.0;49.9393424987793;3730.04541015625;-3724.21630859375;263.5755920410156;0.9983626008033752;-5.406000137329102;-5.429999828338623;-5.445000171661377;-16.2810001373291;254.89999389648438;253.39999389648438;252.1999969482422;440.20001220703125;437.79998779296875;439.1000061035156;-4122.5;-1372.300048828125;-1374.5999755859375;-1372.0999755859375;-68.4000015258789;-75.0;6.5;0.0;4121.10009765625;1374.300048828125;1374.5999755859375;1372.0999755859375;1.0;-0.9990000128746033;1.0;1.0;49.900001525878906;MPPT;49.94960021972656;5.6281256675720215;5.62037467956543;5.632184982299805;254.0541229248047;252.7041015625;251.7008514404297;438.3780212402344;436.38409423828125;438.92919921875;4267.607421875;7.152925491333008;4267.61328125;-99.99986267089844;156945.375;4387.1015625;2016-05-22 07:45:00;4417.275912215759;608.4279663911469;7.260146075165741;190.47707111990582;63;-4138.453322851537
2026-04-10 16:42:02;5.6029229164123535;5.609196186065674;5.820676326751709;232.83070373535156;234.46295166015625;234.8404998779297;404.8468933105469;406.4934387207031;404.962158203125;1306.8353271484375;1315.798583984375;1365.492431640625;-1305.2618408203125;-1308.5806884765625;-1366.3885498046875;72.41727447509766;148.48309326171875;97.18030548095703;1.0;0.9948648810386658;0.9996386766433716;49.95655059814453;3988.87646484375;-3982.61181640625;320.39849853515625;0.9981251358985901;-5.77400016784668;-5.803999900817871;-5.820000171661377;-17.398000717163086;254.8000030517578;253.60000610351562;252.1999969482422;440.20001220703125;438.0;439.0;-4401.7001953125;-1466.0;-1469.5;-1466.0999755859375;-28.299999237060547;-60.599998474121094;20.600000381469727;11.600000381469727;4404.2001953125;1467.800048828125;1470.0999755859375;1466.300048828125;1.0;-0.9990000128746033;1.0;1.0;49.900001525878906;MPPT;49.961761474609375;6.166540145874023;6.15894079208374;6.170570373535156;254.0691680908203;252.90902709960938;251.74917602539062;438.5905456542969;436.6675109863281;438.8968811035156;4677.7568359375;-15.51409912109375;4677.78271484375;99.99944305419922;156945.375;4804.14013671875;2016-05-22 08:00:00;4846.1263881544155;611.3824714802923;7.926505279781526;329.0058501162009;109;-4420.198010275126
2026-04-10 16:42:37;6.067445278167725;6.069247245788574;6.293299674987793;233.13739013671875;234.78594970703125;234.93563842773438;405.340087890625;406.7572326660156;405.2425537109375;1416.6239013671875;1425.2255859375;1478.96435546875;-1416.9031982421875;-1419.6175537109375;-1478.4700927734375;71.45362091064453;149.66055297851562;97.09624481201172;1.0;0.9955697059631348;1.0;49.94757080078125;4320.7294921875;-4314.2958984375;322.3355712890625;0.9985325932502747;-6.243000030517578;-6.27400016784668;-6.293000221252441;-18.809999465942383;255.3000030517578;253.89999389648438;252.5;440.8999938964844;438.5;439.70001220703125;-4767.7998046875;-1589.300048828125;-1591.4000244140625;-1587.0;-52.400001525878906;-69.30000305175781;13.100000381469727;4.599999904632568;4765.5;1589.300048828125;1590.4000244140625;1585.699951171875;1.0;-0.9990000128746033;1.0;1.0;49.900001525878906;MPPT;49.960548400878906;6.50482702255249;6.497015953063965;6.5089311599731445;254.53424072265625;253.2628173828125;252.11578369140625;439.3647155761719;437.2110595703125;439.6349182128906;4942.0703125;-13.588065147399902;4942.0888671875;99.99962615966797;156945.375;5083.24365234375;2016-05-22 08:15:00;5118.735126916976;613.2605710772593;8.346754003645396;233.7642323032444;77;-4782.596192075392
2026-04-10 16:43:12;6.305878162384033;6.311011791229248;6.543031215667725;233.15335083007812;234.80303955078125;234.87252807617188;405.1805419921875;406.6404724121094;405.19415283203125;1472.111572265625;1481.620849609375;1537.758544921875;-1474.435302734375;-1475.3031005859375;-1538.0716552734375;73.29721069335938;148.91683959960938;94.04668426513672;1.0;0.9952757954597473;0.9997681975364685;49.95804977416992;4488.7421875;-4478.7373046875;332.7961120605469;0.9984851479530334;-6.473999977111816;-6.506999969482422;-6.5269999504089355;-19.514999389648438;255.5;254.0;252.8000030517578;441.20001220703125;438.8999938964844;440.20001220703125;-4946.7001953125;-1648.699951171875;-1651.0999755859375;-1648.199951171875;-48.900001525878906;-67.80000305175781;14.5;4.300000190734863;4951.89990234375;1651.300048828125;1652.199951171875;1648.199951171875;1.0;-0.9990000128746033;1.0;1.0;49.900001525878906;MPPT;49.969058990478516;6.848268508911133;6.844448089599609;6.856278419494629;254.7275390625;253.26260375976562;252.40545654296875;439.52569580078125;437.5064697265625;440.01507568359375;5209.30126953125;-13.273529052734375;5209.318359375;99.99967193603516;156945.375;5357.69921875;2016-05-22 08:30:00;5391.343865679534;615.1386706742264;8.764436577805;311.68975274166405;103;-4971.82723562428
2026-04-10 16:43:49;6.626910209655762;6.630146503448486;6.874269008636475;233.09820556640625;234.54620361328125;235.04627990722656;405.15484619140625;406.8737487792969;405.6671447753906;1547.809814453125;1556.4549560546875;1615.5909423828125;-1548.48095703125;-1550.0670166015625;-1615.3587646484375;84.304443359375;161.95053100585938;105.80615234375;1.0;0.9951830506324768;0.9999729990959167;49.97227478027344;4719.1337890625;-4714.36083984375;367.3365478515625;0.9986696243286133;-6.7820000648498535;-6.821000099182129;-6.835999965667725;-20.43899917602539;255.8000030517578;254.39999389648438;253.1999969482422;441.79998779296875;439.5;440.79998779296875;-5201.2001953125;-1733.800048828125;-1732.800048828125;-1729.0;-26.299999237060547;-60.20000076293945;22.100000381469727;11.699999809265137;5193.7001953125;1731.5999755859375;1732.9000244140625;1729.0;1.0;-0.9990000128746033;1.0;1.0;49.900001525878906;MPPT;49.981224060058594;7.185935020446777;7.178369998931885;7.190225601196289;255.21273803710938;253.8602294921875;252.85867309570312;440.2200012207031;438.40557861328125;440.8302307128906;5472.44482421875;-31.406211853027344;5472.53466796875;99.99835968017578;156945.375;5627.728515625;2016-05-22 08:45:00;5663.9526044420945;617.0167702711934;9.179576435098602;329.0058501162009;109;-5221.667702237051
2026-04-10 16:44:24;7.093070030212402;7.095786094665527;7.351466655731201;233.3741455078125;235.037109375;235.15866088867188;405.664794921875;407.1795959472656;405.8536376953125;1659.5281982421875;1667.396484375;1729.42431640625;-1659.7120361328125;-1660.578857421875;-1729.4200439453125;90.74871063232422;168.41806030273438;106.52835845947266;1.0;0.9967601299285889;1.0;49.976768493652344;5055.05322265625;-5049.89794921875;354.05364990234375;0.9988495111465454;-7.267000198364258;-7.302999973297119;-7.317999839782715;-21.88800048828125;256.20001220703125;254.6999969482422;253.6999969482422;442.3999938964844;440.20001220703125;441.5;-5572.2001953125;-1857.4000244140625;-1858.5999755859375;-1855.199951171875;-64.5999984741211;-73.80000305175781;9.199999809265137;0.0;5572.7001953125;1858.800048828125;1858.5999755859375;1855.199951171875;1.0;-0.9990000128746033;1.0;1.0;49.900001525878906;MPPT;49.986087799072266;7.5156402587890625;7.508016586303711;7.519450664520264;255.58071899414062;254.1340789794922;253.39671325683594;440.9810791015625;439.1209411621094;441.6477355957031;5734.19580078125;0.5372562408447266;5734.19580078125;-100.0;156945.375;5897.57763671875;2016-05-22 09:00:00;5936.576216287678;618.8949723341758;9.592219167490976;225.10926586897958;75;-5592.735426092945
2026-04-10 16:44:58;7.825894832611084;7.823447227478027;8.097063064575195;233.6286163330078;235.3521728515625;235.49072265625;406.06427001953125;407.7170104980469;406.2927551269531;1833.8482666015625;1840.7178955078125;1908.47119140625;-1832.732177734375;-1835.4012451171875;-1909.1734619140625;102.96133422851562;180.73121643066406;119.56464385986328;1.0;0.9954759478569031;1.0;49.9835090637207;5584.60791015625;-5575.8388671875;402.8369140625;0.9985603094100952;-8.008999824523926;-8.055000305175781;-8.069000244140625;-24.132999420166016;256.6000061035156;255.10000610351562;254.0;443.1000061035156;440.79998779296875;442.1000061035156;-6149.39990234375;-2050.199951171875;-2052.699951171875;-2047.5;-50.5;-68.19999694824219;14.300000190734863;3.200000047683716;6152.60009765625;2052.199951171875;2052.800048828125;2047.5;1.0;-0.9990000128746033;1.0;1.0;49.900001525878906;MPPT;49.988521575927734;8.390947341918945;8.383325576782227;8.394826889038086;255.97853088378906;254.11729431152344;253.84588623046875;441.453857421875;439.716796875;442.3724365234375;6410.1533203125;-16.51953125;6410.1748046875;99.99966430664062;156945.375;6593.29443359375;2016-05-22 09:15:00;6634.079190904284;623.7003210601817;10.636645464006666;329.0058501162009;109;-6172.391756969997
2026-04-10 16:45:34;8.832488059997559;8.817934036254883;9.115382194519043;233.45718383789062;235.0894317626953;235.3709259033203;405.5552062988281;407.2939758300781;405.8149108886719;2067.994873046875;2075.55712890625;2148.33251953125;-2066.822265625;-2067.34033203125;-2147.84130859375;123.06586456298828;197.99465942382812;133.71946716308594;1.0;0.9969072937965393;1.0;49.99175262451172;6296.7041015625;-6284.3759765625;428.2119140625;0.9992449879646301;-8.994999885559082;-9.045000076293945;-9.059000015258789;-27.099000930786133;257.1000061035156;255.6999969482422;254.39999389648438;444.0;441.70001220703125;442.8999938964844;-6934.0;-2313.0;-2310.800048828125;-2303.10009765625;-74.69999694824219;-76.69999694824219;7.0;-5.0;6924.39990234375;2310.300048828125;2310.800048828125;2303.10009765625;1.0;-0.9990000128746033;1.0;1.0;49.900001525878906;MPPT;49.995819091796875;9.251215934753418;9.2424898147583;9.255205154418945;256.6690979003906;255.2190704345703;254.31837463378906;442.8535461425781;440.764892578125;443.1387023925781;7083.833984375;-7.387485027313232;7083.837890625;99.99994659423828;156945.375;7285.37158203125;2016-05-22 09:30:00;7331.597038603913;628.505772252203;11.665122839415918;225.10926586897958;75;-6959.855831962855
2026-04-10 16:46:09;9.351548194885254;9.336639404296875;9.650672912597656;232.893798828125;234.6416015625;234.8385467529297;405.0500183105469;406.6927185058594;405.2742919921875;2183.13623046875;2188.556640625;2267.22216796875;-2183.34130859375;-2183.274658203125;-2267.60986328125;128.507568359375;205.6707000732422;143.3684844970703;1.0;0.9965016841888428;1.0;49.98725891113281;6638.298828125;-6626.31640625;489.08056640625;0.9989227652549744;-9.496000289916992;-9.54800033569336;-9.565999984741211;-28.610000610351562;257.20001220703125;255.5;254.39999389648438;444.0;441.5;443.0;-7315.10009765625;-2440.699951171875;-2438.60009765625;-2432.39990234375;-32.70000076293945;-61.70000076293945;21.600000381469727;7.300000190734863;7311.7001953125;2440.39990234375;2438.699951171875;2432.39990234375;1.0;1.0;1.0;1.0;50.0;MPPT;49.993385314941406;10.125720024108887;10.11713695526123;10.129841804504395;256.7486267089844;255.09461975097656;254.50038146972656;442.9223327636719;441.038330078125;443.6738586425781;7757.251953125;-20.135746002197266;7757.2783203125;99.9996566772461;156945.375;7979.03369140625;2016-05-22 09:45:00;8029.114886303544;633.3112234442243;12.677992413647265;519.4829212361067;173;-7349.049667341366
2026-04-10 16:46:42;10.56425666809082;10.54373550415039;10.87328815460205;233.3299560546875;234.88816833496094;235.11279296875;405.4385681152344;406.9957275390625;405.7743225097656;2468.499755859375;2478.044189453125;2560.851318359375;-2470.609375;-2468.2353515625;-2559.98876953125;153.720947265625;232.29054260253906;162.8263397216797;1.0;0.9971684813499451;1.0;49.98575973510742;7502.05078125;-7493.5244140625;519.16552734375;0.9988342523574829;-10.718000411987305;-10.77299976348877;-10.788999557495117;-32.279998779296875;258.3999938964844;256.70001220703125;255.60000610351562;446.0;443.6000061035156;445.1000061035156;-8286.7998046875;-2766.300048828125;-2764.0;-2756.39990234375;-58.20000076293945;-71.30000305175781;13.0;0.0;8287.7998046875;2767.300048828125;2764.0;2754.199951171875;1.0;1.0;1.0;1.0;50.0;MPPT;49.99663543701172;10.952160835266113;10.94340991973877;10.956636428833008;257.9888000488281;256.363037109375;255.5845184326172;444.93280029296875;442.9822692871094;445.6522521972656;8431.146484375;-9.773393630981445;8431.15234375;99.99993133544922;156945.375;8673.1904296875;2016-05-22 10:00:00;8726.632734003173;638.1166746362456;13.675606798674764;242.4253632435165;80;-8309.674716079593
2026-04-10 16:47:17;10.59908676147461;10.586506843566895;10.915404319763184;233.34193420410156;234.94178771972656;235.0682373046875;405.5146179199219;406.9606018066406;405.5635986328125;2477.077880859375;2485.63623046875;2567.30517578125;-2479.689453125;-2479.87939453125;-2568.859130859375;140.30575561523438;217.59031677246094;147.96974182128906;1.0;0.9979055523872375;1.0;49.98426055908203;7536.193359375;-7527.7919921875;537.4569702148438;0.9987027645111084;-10.76099967956543;-10.819000244140625;-10.833000183105469;-32.41299819946289;258.1000061035156;256.5;255.39999389648438;445.6000061035156;443.20001220703125;444.6000061035156;-8311.5;-2774.10009765625;-2772.800048828125;-2764.5;-35.599998474121094;-62.900001525878906;20.600000381469727;6.599999904632568;8302.7998046875;2771.699951171875;2769.89990234375;2761.10009765625;1.0;1.0;1.0;1.0;50.0;MPPT;49.99582290649414;11.042390823364258;11.033848762512207;11.046687126159668;257.8133239746094;256.3646240234375;255.5513458251953;444.8748474121094;442.99908447265625;445.5405578613281;8491.9853515625;-24.244630813598633;8492.01953125;99.99959564208984;156945.375;8739.4521484375;2016-05-22 10:15:00;8794.97455050238;638.5875059771843;13.772544041625222;277.05755799259026;92;-8342.017501499742
2026-04-10 16:47:52;10.350162506103516;10.333197593688965;10.65571403503418;233.1263427734375;234.77061462402344;235.0054473876953;405.282470703125;406.9740905761719;405.548583984375;2419.056396484375;2427.891357421875;2507.101806640625;-2418.500732421875;-2418.9404296875;-2505.921142578125;145.87562561035156;226.59217834472656;158.58102416992188;1.0;0.9968056678771973;1.0;50.01199722290039;7352.85302734375;-7346.09130859375;518.0501098632812;0.998694658279419;-10.486000061035156;-10.538000106811523;-10.557999610900879;-31.582000732421875;258.29998779296875;256.79998779296875;255.5;446.0;443.6000061035156;444.8999938964844;-8106.0;-2705.10009765625;-2704.699951171875;-2696.199951171875;-51.599998474121094;-68.4000015258789;16.700000762939453;0.0;8100.2998046875;2704.0;2702.39990234375;2693.800048828125;1.0;1.0;1.0;1.0;50.0;MPPT;50.01527786254883;11.11443042755127;11.10527229309082;11.118489265441895;258.0312805175781;256.47418212890625;255.74627685546875;445.15380859375;443.236572265625;445.7275390625;8562.0234375;-6.826803207397461;8562.0263671875;99.99996948242188;156945.375;8810.263671875;2016-05-22 10:30:00;8863.316367001586;639.0583373181228;13.869338445997666;545.4539850449084;181;-8140.596054616645
2026-04-10 16:48:27;10.880117416381836;10.865934371948242;11.197240829467773;233.6489715576172;235.0800018310547;235.28285217285156;405.72833251953125;407.22509765625;406.0531921386719;2547.858154296875;2554.6591796875;2640.154296875;-2550.59912109375;-2545.175537109375;-2637.69970703125;150.81590270996094;229.41839599609375;159.51878356933594;1.0;0.9970215559005737;1.0;49.99325180053711;7732.8740234375;-7725.458984375;536.9552001953125;0.999223530292511;-11.039999961853027;-11.098999977111816;-11.109999656677246;-33.25;258.29998779296875;256.6000061035156;255.5;445.8999938964844;443.3999938964844;444.8999938964844;-8532.7001953125;-2849.0;-2845.800048828125;-2837.699951171875;-56.29999923706055;-70.4000015258789;14.100000381469727;0.0;8532.900390625;2849.60009765625;2845.5;2837.800048828125;1.0;1.0;1.0;1.0;50.0;MPPT;50.003116607666016;11.205931663513184;11.197908401489258;11.209820747375488;257.82965087890625;256.151611328125;255.49539184570312;444.6252136230469;442.7032775878906;445.4467468261719;8630.86328125;-23.422061920166016;8630.8955078125;99.99962615966797;156945.375;8878.6982421875;2016-05-22 10:45:00;8931.658183500793;639.5291686590614;13.96599032727206;181.8159401796337;60;-8571.209079651144
2026-04-10 16:49:01;10.851391792297363;10.834386825561523;11.16108512878418;233.5578155517578;235.07423400878906;235.31141662597656;405.58013916015625;407.1319274902344;405.7793884277344;2539.937255859375;2545.14892578125;2627.669677734375;-2538.50390625;-2538.099609375;-2629.02880859375;148.57728576660156;228.69830322265625;164.43435668945312;1.0;0.9968453049659729;1.0;50.0;7711.36328125;-7705.9736328125;537.8853759765625;0.9990065097808838;-11.020999908447266;-11.076000213623047;-11.088000297546387;-33.185001373291016;258.29998779296875;256.5;255.5;445.79998779296875;443.3999938964844;444.8999938964844;-8497.599609375;-2837.39990234375;-2839.10009765625;-2832.10009765625;-53.099998474121094;-68.9000015258789;15.699999809265137;0.0;8515.599609375;2844.199951171875;2839.199951171875;2832.10009765625;1.0;1.0;1.0;1.0;50.0;MPPT;50.01284408569336;11.289671897888184;11.280765533447266;11.293839454650879;257.9160461425781;255.982177734375;255.59335327148438;444.6213684082031;442.60552978515625;445.57391357421875;8683.1953125;-12.117142677307129;8683.203125;99.99990844726562;156945.375;8942.46875;2016-05-22 11:00:00;9000.0;640.0;14.0625;277.05755799259026;92;-8542.94244200741
2026-04-10 16:49:37;10.578337669372559;10.565402030944824;10.88685131072998;233.28089904785156;234.84727478027344;235.19920349121094;405.1922912597656;406.903076171875;405.5895690917969;2473.62890625;2483.1162109375;2564.696044921875;-2473.767578125;-2472.7724609375;-2561.302490234375;151.01254272460938;226.83924865722656;156.39691162109375;1.0;0.9964765906333923;1.0;50.0052490234375;7515.71337890625;-7504.751953125;521.6719970703125;0.9988939762115479;-10.729999542236328;-10.782999992370605;-10.79800033569336;-32.31100082397461;258.0;256.29998779296875;255.39999389648438;445.29998779296875;443.1000061035156;444.6000061035156;-8284.599609375;-2765.300048828125;-2762.199951171875;-2755.800048828125;-60.29999923706055;-70.5;14.100000381469727;-3.9000000953674316;8283.900390625;2765.699951171875;2762.300048828125;2755.800048828125;1.0;1.0;1.0;1.0;50.0;MPPT;50.00920104980469;11.16102409362793;11.152570724487305;11.1652250289917;257.60675048828125;256.1092529296875;255.42356872558594;444.3799133300781;442.4656982421875;445.12738037109375;8589.7529296875;-21.227397918701172;8589.779296875;99.99969482421875;156945.375;8835.8271484375;2016-05-22 11:15:00;8889.998677948175;639.242161349819;13.907090638665197;389.60910867407637;129;-8322.589595715135
2026-04-10 16:50:13;10.164225578308105;10.132345199584961;10.444726943969727;233.24588012695312;234.76197814941406;235.1613311767578;405.4667053222656;407.1268310546875;405.9207458496094;2374.29443359375;2380.087890625;2459.322265625;-2373.825927734375;-2374.9462890625;-2461.767578125;139.20904541015625;216.0634002685547;146.76747131347656;1.0;0.9969469308853149;1.0;49.99700164794922;7223.15087890625;-7209.8388671875;503.8903503417969;0.9989540576934814;-10.303999900817871;-10.354000091552734;-10.369999885559082;-31.027999877929688;258.0;256.29998779296875;255.39999389648438;445.29998779296875;443.1000061035156;444.6000061035156;-7950.2998046875;-2653.5;-2651.800048828125;-2647.0;-50.900001525878906;-67.30000305175781;16.399999618530273;0.0;7954.60009765625;2655.60009765625;2651.89990234375;2647.0;1.0;1.0;1.0;1.0;50.0;MPPT;50.00676727294922;11.002177238464355;10.99373722076416;11.005809783935547;258.0157470703125;256.568603515625;255.9919891357422;445.04876708984375;443.4233093261719;446.20562744140625;8476.3515625;-21.296634674072266;8476.37890625;99.99967956542969;156945.375;8724.9541015625;2016-05-22 11:30:00;8779.99735589635;638.4843226996379;13.75131235606974;614.718374543056;204;-7989.679034235367
2026-04-10 16:50:49;10.227676391601562;10.21689510345459;10.530549049377441;234.15814208984375;235.82008361816406;236.320556640625;407.1075439453125;409.0478820800781;407.4958801269531;2400.918701171875;2410.908447265625;2489.398681640625;-2401.852294921875;-2402.02978515625;-2491.056884765625;145.70692443847656;223.91001892089844;157.09469604492188;1.0;0.99615478515625;1.0;49.9947509765625;7300.650390625;-7294.8486328125;515.7691650390625;0.9990299940109253;-10.390999794006348;-10.442999839782715;-10.456999778747559;-31.291000366210938;258.70001220703125;257.29998779296875;256.3999938964844;446.79998779296875;444.79998779296875;446.0;-8048.0;-2684.10009765625;-2684.60009765625;-2679.39990234375;-49.599998474121094;-66.5999984741211;17.0;0.0;8049.5;2685.300048828125;2684.699951171875;2679.39990234375;1.0;1.0;1.0;1.0;50.0;MPPT;50.005550384521484;10.844504356384277;10.835685729980469;10.848234176635742;258.3585205078125;257.04107666015625;256.5675354003906;445.6299133300781;444.195556640625;446.9569091796875;8375.1142578125;-23.85161590576172;8375.1484375;99.99959564208984;156945.375;8614.505859375;2016-05-22 11:45:00;8669.996033844527;637.726484049457;13.595163836997164;415.5863369888854;138;-8081.00977617875
2026-04-10 16:51:23;10.278386116027832;10.275216102600098;10.590968132019043;234.00096130371094;235.8947296142578;236.27024841308594;406.8053283691406;408.7955322265625;407.1636047363281;2410.547119140625;2420.747314453125;2502.67578125;-2412.5986328125;-2417.462890625;-2505.04248046875;136.61837768554688;210.78643798828125;145.23660278320312;1.0;0.9976336359977722;1.0;49.96928024291992;7334.859375;-7330.845703125;493.60821533203125;0.9991514086723328;-10.444999694824219;-10.496000289916992;-10.510000228881836;-31.451000213623047;258.79998779296875;257.29998779296875;256.3999938964844;446.8999938964844;444.79998779296875;446.1000061035156;-8078.7001953125;-2699.800048828125;-2698.60009765625;-2692.800048828125;-74.19999694824219;-74.5;7.800000190734863;-7.5;8092.39990234375;2700.800048828125;2698.60009765625;2692.800048828125;1.0;1.0;1.0;1.0;49.900001525878906;MPPT;49.97698211669922;10.71700382232666;10.708733558654785;10.720852851867676;258.4525451660156;256.8990478515625;256.28955078125;445.74298095703125;444.0352478027344;446.74725341796875;8266.125;-21.01329803466797;8266.1513671875;99.99967956542969;156945.375;8505.306640625;2016-05-22 12:00:00;8559.994711792702;636.9686453992759;13.438643759971852;268.39642705231813;89;-8120.398390504529
2026-04-10 16:52:01;9.77828598022461;9.765673637390137;10.070489883422852;234.2477569580078;235.78201293945312;236.2767333984375;406.9266662597656;408.7596435546875;407.4053039550781;2295.025390625;2303.22021484375;2379.64990234375;-2295.322021484375;-2295.239013671875;-2379.010986328125;141.34194946289062;217.34678649902344;150.57662963867188;1.0;0.9963479042053223;1.0;49.98575973510742;6981.0283203125;-6974.9365234375;488.8784484863281;0.9989773035049438;-9.932999610900879;-9.980999946594238;-9.998000144958496;-29.91200065612793;258.79998779296875;257.20001220703125;256.29998779296875;446.79998779296875;444.70001220703125;446.0;-7692.89990234375;-2567.10009765625;-2565.10009765625;-2560.60009765625;-51.29999923706055;-67.80000305175781;16.399999618530273;0.0;7693.89990234375;2568.0;2565.199951171875;2560.60009765625;1.0;1.0;1.0;1.0;49.900001525878906;MPPT;49.99703598022461;10.436661720275879;10.427410125732422;10.440475463867188;258.32275390625;256.71002197265625;256.11334228515625;445.4994201660156;443.66925048828125;446.498046875;8046.6513671875;-20.082969665527344;8046.67626953125;99.99968719482422;156945.375;8286.7421875;2016-05-22 12:15:00;8339.932575356954;635.4525582348521;13.124398457885603;450.21853173795915;150;-7722.915392111856
2026-04-10 16:52:36;9.590693473815918;9.584327697753906;9.88094711303711;234.2315673828125;235.72825622558594;236.0875244140625;407.0869140625;408.66644287109375;407.43902587890625;2252.278076171875;2259.30322265625;2333.545166015625;-2250.434814453125;-2250.076171875;-2333.857421875;132.77200317382812;211.74371337890625;143.84512329101562;1.0;0.9968274831771851;1.0;49.98201370239258;6840.349609375;-6837.56640625;492.9961242675781;0.9990809559822083;-9.748000144958496;-9.800000190734863;-9.815999984741211;-29.36400032043457;258.5;256.8999938964844;255.89999389648438;446.29998779296875;444.0;445.29998779296875;-7541.89990234375;-2516.60009765625;-2515.199951171875;-2510.0;-36.400001525878906;-63.79999923706055;21.5;5.699999809265137;7542.7998046875;2517.39990234375;2515.300048828125;2511.5;1.0;1.0;1.0;1.0;49.900001525878906;MPPT;49.993385314941406;10.181317329406738;10.173133850097656;10.1848783493042;257.9952697753906;256.3894348144531;255.77427673339844;445.02069091796875;443.0873107910156;445.8475036621094;7839.84912109375;-31.255714416503906;7839.91162109375;99.99920654296875;156945.375;8066.4560546875;2016-05-22 12:30:00;8119.870438921206;633.9364710704283;12.808650092666959;389.60910867407637;129;-7567.8639214687055
2026-04-10 16:53:13;8.204057693481445;8.202166557312012;8.46807861328125;233.96339416503906;235.63719177246094;235.958984375;406.7391052246094;408.22406005859375;406.8144836425781;1924.5343017578125;1932.0703125;1999.452880859375;-1923.7852783203125;-1924.8262939453125;-2000.0010986328125;106.7198257446289;185.85354614257812;124.84835052490234;1.0;0.9958482980728149;1.0;49.977516174316406;5857.458984375;-5851.32373046875;415.24639892578125;0.99884432554245;-8.364999771118164;-8.411999702453613;-8.428999900817871;-25.20599937438965;257.5;256.0;254.8000030517578;444.70001220703125;442.29998779296875;443.6000061035156;-6446.2998046875;-2150.39990234375;-2149.800048828125;-2146.0;-52.0;-68.9000015258789;16.899999618530273;3.5999999046325684;6449.10009765625;2152.0;2150.39990234375;2146.5;1.0;1.0;1.0;1.0;50.0;MPPT;49.99137496948242;9.940460205078125;9.932072639465332;9.94394588470459;257.0679016113281;255.56642150878906;254.7412567138672;443.5580749511719;441.45367431640625;444.1255187988281;7626.5712890625;-31.71442985534668;7626.63720703125;99.99913787841797;156945.375;7847.8759765625;2016-05-22 12:45:00;7899.808302485457;632.4203839060045;12.491387854537576;1264.0689438351858;421;-6477.743192600562
2026-04-10 16:53:48;8.018336296081543;7.986297130584717;8.25871467590332;233.65835571289062;235.36497497558594;235.58119201660156;406.3185729980469;407.7624206542969;406.33990478515625;1879.1593017578125;1883.7528076171875;1950.4462890625;-1876.1229248046875;-1874.7796630859375;-1951.702392578125;96.49879455566406;173.57669067382812;116.07980346679688;1.0;0.9964593052864075;1.0;49.98126220703125;5717.28125;-5710.41455078125;404.64031982421875;0.9989094138145447;-8.180000305175781;-8.21500015258789;-8.239999771118164;-24.635000228881836;257.1000061035156;255.8000030517578;254.6999969482422;444.1000061035156;442.1000061035156;443.20001220703125;-6296.2998046875;-2099.39990234375;-2099.699951171875;-2096.89990234375;-52.70000076293945;-68.0;15.300000190734863;0.0;6297.2998046875;2100.5;2099.800048828125;2096.89990234375;1.0;1.0;1.0;1.0;50.0;MPPT;49.987308502197266;9.680161476135254;9.671147346496582;9.683732032775879;256.68084716796875;255.3240203857422;254.4729461669922;442.8997802734375;440.9869079589844;443.69207763671875;7418.1640625;-22.418256759643555;7418.19775390625;99.99954223632812;156945.375;7631.37548828125;2016-05-22 13:00:00;7679.746166049709;630.9042967415807;12.172600829813884;1203.4656852773103;401;-6322.685557451405
2026-04-10 16:54:22;6.76774787902832;6.767805099487305;7.013552665710449;233.90744018554688;235.66757202148438;236.00962829589844;406.71380615234375;408.41021728515625;406.7630310058594;1588.12744140625;1593.7388916015625;1656.5059814453125;-1587.752197265625;-1587.498779296875;-1655.030517578125;82.01826477050781;160.8135528564453;104.10799407958984;1.0;0.9960853457450867;1.0;49.9790153503418;4833.75;-4830.18603515625;344.71270751953125;0.9985913634300232;-6.946000099182129;-6.978000164031982;-7.000999927520752;-20.924999237060547;256.5;255.10000610351562;254.0;443.0;440.79998779296875;442.1000061035156;-5325.10009765625;-1774.9000244140625;-1777.4000244140625;-1776.800048828125;-60.29999923706055;-72.5999984741211;12.300000190734863;0.0;5333.10009765625;1778.699951171875;1777.5;1776.800048828125;1.0;-0.9990000128746033;1.0;1.0;49.900001525878906;MPPT;49.98054122924805;9.196219444274902;9.188220977783203;9.200119018554688;256.0487060546875;254.71665954589844;253.82525634765625;441.8625793457031;439.8581848144531;442.5907287597656;7030.025390625;1.420032024383545;7030.025390625;-100.0;156945.375;7230.80419921875;2016-05-22 13:15:00;7274.990084611317;628.1157865974452;11.5822436560949;1774.8907341310203;591;-5354.59954878807
2026-04-10 16:54:58;5.974636077880859;5.974738121032715;6.198783874511719;233.8669891357422;235.3641815185547;235.63333129882812;406.62213134765625;408.2039794921875;406.77789306640625;1401.3414306640625;1406.7908935546875;1463.3746337890625;-1401.8907470703125;-1400.7945556640625;-1462.507080078125;68.49658966064453;148.035400390625;92.75055694580078;1.0;0.9957011342048645;1.0;49.98201370239258;4267.83984375;-4264.03369140625;310.68096923828125;0.9982970952987671;-6.14300012588501;-6.171000003814697;-6.197000026702881;-18.51099967956543;256.20001220703125;254.6999969482422;253.5;442.3999938964844;440.1000061035156;441.3999938964844;-4707.89990234375;-1569.300048828125;-1569.199951171875;-1569.9000244140625;-52.400001525878906;-70.5999984741211;14.800000190734863;3.299999952316284;4710.60009765625;1571.300048828125;1569.300048828125;1569.9000244140625;1.0;-0.9990000128746033;1.0;1.0;49.900001525878906;MPPT;49.9873046875;8.693297386169434;8.684325218200684;8.697160720825195;255.52667236328125;254.19674682617188;253.1420135498047;441.0028991699219;438.9274597167969;441.3938293457031;6630.40966796875;-16.792587280273438;6630.43115234375;99.99967956542969;156945.375;6824.14208984375;2016-05-22 13:30:00;6870.2340031729245;625.3272764533097;10.986621345128375;2000.0;666;-4732.829323109466
2026-04-10 16:55:34;7.345518589019775;7.346841335296631;7.599191188812256;234.22618103027344;235.72677612304688;235.94544982910156;406.9570007324219;408.3339538574219;407.0108337402344;1721.7791748046875;1729.9169921875;1790.56787109375;-1721.7489013671875;-1725.7083740234375;-1793.22607421875;93.0771713256836;171.4217071533203;112.93212127685547;1.0;0.9957254528999329;1.0;49.98051452636719;5250.037109375;-5243.67822265625;377.941162109375;0.9987090229988098;-7.519000053405762;-7.563000202178955;-7.574999809265137;-22.656999588012695;257.0;255.1999969482422;254.39999389648438;443.5;441.29998779296875;442.79998779296875;-5780.2998046875;-1927.5999755859375;-1927.5;-1925.5;-49.70000076293945;-70.5999984741211;17.399999618530273;3.299999952316284;5783.5;1930.300048828125;1927.5999755859375;1925.5;1.0;-0.9990000128746033;1.0;1.0;50.0;MPPT;49.9873046875;8.145797729492188;8.136911392211914;8.149432182312012;256.3721008300781;254.94708251953125;253.9729766845703;442.4178771972656;440.29241943359375;442.8178405761719;6232.5068359375;-16.18703269958496;6232.52783203125;99.99966430664062;156945.375;6411.70166015625;2016-05-22 13:45:00;6465.477921734532;622.5387663091741;10.385663145230629;536.7990186106437;178;-5799.3693446891975
2026-04-10 16:56:11;7.263357162475586;7.269743919372559;7.515781402587891;233.95274353027344;235.2958984375;235.7075958251953;406.53631591796875;408.0860290527344;406.5974426269531;1702.9422607421875;1710.791015625;1771.5684814453125;-1702.9971923828125;-1704.7056884765625;-1770.8714599609375;91.58894348144531;170.77798461914062;113.21231842041016;1.0;0.9958325624465942;1.0;49.986507415771484;5183.8125;-5174.63720703125;396.2286376953125;0.99787837266922;-7.423999786376953;-7.46999979019165;-7.48199987411499;-22.375999450683594;256.79998779296875;255.39999389648438;254.10000610351562;443.5;441.20001220703125;442.3999938964844;-5713.0;-1905.5;-1904.800048828125;-1899.300048828125;-23.399999618530273;-60.099998474121094;24.5;12.100000381469727;5708.2001953125;1903.9000244140625;1904.9000244140625;1899.300048828125;1.0;1.0;1.0;1.0;50.0;MPPT;50.00889587402344;7.65735387802124;7.64931058883667;7.661546230316162;256.1745910644531;254.89471435546875;253.7143096923828;442.2170104980469;440.0122985839844;442.41717529296875;5854.833984375;-45.92267990112305;5855.01416015625;99.9969253540039;156945.375;6020.6005859375;2016-05-22 14:00:00;6060.72184029614;619.7502561650385;9.779297031354803;207.7931684944427;69;-5731.714234995775
2026-04-10 16:56:46;6.42867374420166;6.431321620941162;6.658392429351807;233.8971405029297;235.49342346191406;235.66357421875;406.40924072265625;407.96307373046875;406.5530700683594;1507.504150390625;1516.41162109375;1570.8516845703125;-1505.6412353515625;-1508.4920654296875;-1568.3603515625;78.851318359375;159.3790740966797;108.72818756103516;1.0;0.9952079057693481;0.9998359680175781;49.99625015258789;4590.2236328125;-4581.70458984375;349.64678955078125;0.9983449578285217;-6.590000152587891;-6.63100004196167;-6.642000198364258;-19.863000869750977;256.29998779296875;254.60000610351562;253.5;442.3999938964844;440.0;441.5;-5061.39990234375;-1688.199951171875;-1685.5;-1682.5999755859375;-29.700000762939453;-62.900001525878906;22.0;11.100000381469727;5054.7998046875;1686.5;1685.699951171875;1682.5999755859375;1.0;-0.9990000128746033;1.0;1.0;50.0;MPPT;50.00920104980469;6.998619556427002;6.99092960357666;7.0030717849731445;255.59039306640625;253.9540557861328;253.06520080566406;440.8948059082031;438.65869140625;441.3291320800781;5336.16796875;-16.394699096679688;5336.193359375;99.99952697753906;156945.375;5488.43359375;2016-05-22 14:15:00;5527.596179270228;616.0773618416558;8.972243620097391;337.6608165504657;112;-5079.383439134358
2026-04-10 16:57:20;5.977611541748047;5.9838337898254395;6.200043201446533;234.11000061035156;235.48587036132812;235.54196166992188;406.7314758300781;408.010986328125;406.8445129394531;1403.2725830078125;1410.81103515625;1461.1746826171875;-1403.27294921875;-1404.45458984375;-1462.011962890625;65.70567321777344;142.7869415283203;91.40005493164062;1.0;0.995886504650116;1.0;49.9835090637207;4274.0556640625;-4269.47021484375;300.6960754394531;0.9983704090118408;-6.158999919891357;-6.192999839782715;-6.204999923706055;-18.55699920654297;256.1000061035156;254.39999389648438;253.3000030517578;442.1000061035156;439.6000061035156;441.1000061035156;-4715.2001953125;-1572.4000244140625;-1573.0999755859375;-1569.5999755859375;-63.099998474121094;-73.5999984741211;10.5;0.0;4717.0;1573.0;1572.0;1568.300048828125;1.0;-0.9990000128746033;1.0;1.0;49.900001525878906;MPPT;49.99460220336914;6.324746131896973;6.3169264793396;6.329171657562256;255.4948272705078;253.9588623046875;252.8965606689453;440.8437194824219;438.5500183105469;441.0391540527344;4820.7236328125;-0.8643529415130615;4820.7236328125;100.0;156945.375;4957.9814453125;2016-05-22 14:30:00;4994.470518244316;612.4044675182731;8.155509607047877;164.4998428050968;54;-4730.081265074333
2026-04-10 16:57:56;5.157750606536865;5.1725029945373535;5.361668109893799;234.09788513183594;235.52362060546875;235.70416259765625;406.81317138671875;408.23504638671875;407.0328674316406;1208.8349609375;1218.0587158203125;1263.483642578125;-1208.3731689453125;-1211.009033203125;-1263.7318115234375;56.60300827026367;133.7736358642578;87.30199432373047;1.0;0.9944571852684021;0.9998106956481934;49.99400329589844;3692.534423828125;-3684.24072265625;279.8952941894531;0.9978869557380676;-5.341000080108643;-5.373000144958496;-5.381999969482422;-16.082000732421875;255.3000030517578;253.6999969482422;252.5;440.79998779296875;438.29998779296875;439.70001220703125;-4077.699951171875;-1359.0;-1360.5999755859375;-1358.0;-44.099998474121094;-67.4000015258789;15.899999618530273;7.300000190734863;4074.39990234375;1358.800048828125;1358.9000244140625;1356.5999755859375;1.0;-0.9990000128746033;1.0;1.0;49.900001525878906;MPPT;50.003536224365234;5.670255661010742;5.662048816680908;5.674004554748535;254.57859802246094;252.98097229003906;252.05770874023438;439.20953369140625;436.9766845703125;439.5137939453125;4306.080078125;-10.734025955200195;4306.09326171875;99.99969482421875;156945.375;4428.6923828125;2016-05-22 14:45:00;4461.3448572184025;608.7315731948903;7.328919763112184;277.05755799259026;92;-4095.060402081444
2026-04-10 16:58:32;4.600241661071777;4.618853569030762;4.79001522064209;234.02259826660156;235.66571044921875;235.947265625;406.7575988769531;408.25958251953125;406.888427734375;1079.386474609375;1089.071044921875;1129.1151123046875;-1079.490478515625;-1081.0247802734375;-1130.4593505859375;47.27226257324219;124.33104705810547;80.49609375;1.0;0.9932997822761536;0.9990053176879883;50.01199722290039;3300.09326171875;-3293.00341796875;242.61627197265625;0.9980629682540894;-4.789000034332275;-4.809000015258789;-4.822000026702881;-14.413999557495117;255.3000030517578;253.6999969482422;252.60000610351562;440.79998779296875;438.3999938964844;439.79998779296875;-3650.199951171875;-1215.800048828125;-1218.0;-1216.199951171875;-49.70000076293945;-69.5999984741211;13.600000381469727;6.199999809265137;3650.39990234375;1217.199951171875;1217.4000244140625;1215.699951171875;1.0;-0.9980000257492065;1.0;1.0;50.0;MPPT;50.0177116394043;5.0013108253479;4.993252277374268;5.005093574523926;254.25460815429688;252.39158630371094;251.9689483642578;438.57769775390625;436.2769470214844;439.1091003417969;3792.91357421875;-9.310762405395508;3792.925048828125;99.99969482421875;156945.375;3899.8193359375;2016-05-22 15:00:00;3928.219196192491;605.0586788715076;6.492294604415883;181.8159401796337;60;-3667.838872089007
2026-04-10 16:59:05;3.548365354537964;3.566373586654663;3.7051427364349365;234.1307373046875;235.150390625;235.6426544189453;406.38360595703125;407.7127380371094;406.8265380859375;831.4149780273438;840.9281616210938;874.8154296875;-831.38720703125;-831.7164306640625;-870.9688720703125;25.614118576049805;101.66316223144531;67.58219909667969;1.0;0.9911500811576843;0.9988935589790344;49.99924850463867;2548.124755859375;-2539.585693359375;198.50112915039062;0.9965213537216187;-3.7309999465942383;-3.746999979019165;-3.76200008392334;-11.239999771118164;254.60000610351562;252.8000030517578;251.8000030517578;439.3999938964844;436.8999938964844;438.5;-2830.39990234375;-942.0999755859375;-944.2999877929688;-944.5;-49.099998474121094;-69.5999984741211;13.5;7.0;2834.199951171875;945.2000122070312;944.4000244140625;944.5;1.0;-0.996999979019165;1.0;1.0;50.0;MPPT;50.0072135925293;4.286153316497803;4.2782416343688965;4.289689540863037;253.6257781982422;251.91665649414062;251.07884216308594;437.5494689941406;435.0882873535156;437.87103271484375;3241.84423828125;-5.580019950866699;3241.84912109375;99.99984741210938;156945.375;3336.368408203125;2016-05-22 15:15:00;3361.5696060285563;601.1548261493272;5.591853312666479;441.5574007976871;147;-2852.780813110298
2026-04-10 16:59:39;1.8219475746154785;1.8450502157211304;1.9343348741531372;233.9150390625;235.1996307373047;235.4480743408203;406.06787109375;407.5310363769531;406.3326416015625;430.1940612792969;436.1706237792969;456.6947326660156;-424.60064697265625;-427.3920593261719;-454.7610168457031;0.0;70.09882354736328;47.88572692871094;0.9899048209190369;0.9798241853713989;0.9921049475669861;50.00600051879883;1321.8302001953125;-1307.69189453125;131.6112060546875;0.986251175403595;-2.002000093460083;-2.000999927520752;-2.0179998874664307;-6.020999908447266;253.60000610351562;251.89999389648438;250.8000030517578;437.70001220703125;435.29998779296875;436.79998779296875;-1502.0999755859375;-498.5;-499.5;-502.8999938964844;-24.200000762939453;-61.29999923706055;20.5;16.5;1504.5999755859375;501.3999938964844;499.8999938964844;503.1000061035156;1.0;-0.9929999709129333;0.9990000128746033;0.9990000128746033;50.0;MPPT;50.020145416259766;3.567795753479004;3.5602359771728516;3.572084665298462;252.65914916992188;251.0857696533203;250.0521697998047;435.89886474609375;433.5318298339844;436.1848449707031;2688.3974609375;-24.78081512451172;2688.51171875;99.9957504272461;156945.375;2769.404296875;2016-05-22 15:30:00;2794.934888947647;597.2510758931621;4.679664887615226;1212.120651711575;404;-1526.9155394571187
2026-04-10 17:00:14;1.0458557605743408;1.0463738441467285;1.1032752990722656;234.1778106689453;235.4066162109375;235.58609008789062;406.52374267578125;407.6798400878906;406.8150939941406;244.5552978515625;246.190673828125;260.4727783203125;-233.5952606201172;-236.12759399414062;-253.72598266601562;-17.626371383666992;55.95436477661133;42.52054214477539;0.9553660154342651;0.9525387287139893;0.9743740558624268;49.99774932861328;752.69921875;-722.3582763671875;94.01942443847656;0.9586428999900818;-1.2089999914169312;-1.1890000104904175;-1.2020000219345093;-3.5999999046325684;252.8000030517578;251.10000610351562;250.0;436.29998779296875;433.8999938964844;435.3999938964844;-868.5999755859375;-286.70001220703125;-290.20001220703125;-294.3999938964844;-20.600000381469727;-59.70000076293945;20.799999237060547;18.200000762939453;880.2000122070312;294.20001220703125;290.8999938964844;295.0;1.0;-0.9789999723434448;0.996999979019165;0.9980000257492065;50.0;MPPT;50.01163101196289;2.844270706176758;2.836629867553711;2.8476505279541016;251.87197875976562;250.0132598876953;249.26531982421875;434.38897705078125;431.8298645019531;434.81829833984375;2135.363037109375;-17.77095603942871;2135.43701171875;99.99653625488281;156945.375;2204.938720703125;2016-05-22 15:45:00;2228.2852987837123;593.3472231709816;3.7554491059640465;1281.3850412097224;427;-902.3345515983158
2026-04-10 17:00:47;1.755245327949524;1.7845189571380615;1.8644427061080933;234.07284545898438;235.49777221679688;235.5542755126953;406.6231689453125;407.8954162597656;406.6775207519531;411.8507385253906;420.8492431640625;440.03021240234375;-406.0024108886719;-410.4124755859375;-434.64105224609375;0.0;70.28292083740234;49.41825866699219;0.9876503348350525;0.9783782958984375;0.989801287651062;50.02700424194336;1267.0185546875;-1249.2320556640625;121.91585540771484;0.9856716990470886;-1.9279999732971191;-1.9229999780654907;-1.9290000200271606;-5.78000020980835;253.3000030517578;251.60000610351562;250.5;437.20001220703125;434.79998779296875;436.29998779296875;-1441.300048828125;-478.20001220703125;-479.20001220703125;-480.70001220703125;-41.099998474121094;-66.19999694824219;14.300000190734863;10.800000190734863;1441.9000244140625;481.6000061035156;479.3999938964844;480.8999938964844;1.0;-0.9909999966621399;0.9990000128746033;1.0;50.0;MPPT;50.03960418701172;2.1100199222564697;2.1025564670562744;2.1141021251678467;252.25572204589844;250.68682861328125;249.58673095703125;435.245849609375;432.72711181640625;435.4496765136719;1586.92822265625;-15.501581192016602;1587.00390625;99.99523162841797;156945.375;1645.4727783203125;2016-05-22 16:00:00;1661.635708619778;589.4433704488011;2.818991258404707;155.84487637083203;51;-1472.5581180765503
2026-04-10 17:01:24;1.0492645502090454;1.0513851642608643;1.105785846710205;233.85855102539062;235.20201110839844;235.4747772216797;406.21075439453125;407.5823669433594;406.5038757324219;246.1979217529297;248.62258911132812;261.58514404296875;-235.3164520263672;-237.4683074951172;-255.09146118164062;-19.853178024291992;51.211875915527344;37.90245819091797;0.9517298340797424;0.9581701159477234;0.9769250750541687;50.02700424194336;755.9502563476562;-728.283447265625;66.55387115478516;0.962590217590332;-1.225000023841858;-1.1920000314712524;-1.1990000009536743;-3.615999937057495;252.8000030517578;251.39999389648438;250.1999969482422;436.6000061035156;434.29998779296875;435.5;-877.7000122070312;-289.8999938964844;-292.5;-295.20001220703125;-53.400001525878906;-70.5999984741211;9.399999618530273;7.699999809265137;886.4000244140625;298.29998779296875;292.1000061035156;294.6000061035156;-0.9990000128746033;-0.9750000238418579;0.9990000128746033;0.9990000128746033;50.0;MPPT;50.03230285644531;1.5760457515716553;1.5687214136123657;1.5797946453094482;251.825439453125;250.3800811767578;249.17921447753906;434.5900573730469;432.16278076171875;434.6866760253906;1183.310302734375;-2.1193177700042725;1178.9736328125;99.99983215332031;156945.375;1228.6885986328125;2016-05-22 16:15:00;1246.2290124272872;586.5814843910103;2.1245624786829467;311.68975274166405;103;-909.6146794370775
2026-04-10 17:01:59;0.7330831289291382;0.7212064862251282;0.7590678334236145;234.02474975585938;235.5946807861328;235.73538208007812;406.7623291015625;408.1099548339844;406.7772216796875;171.00779724121094;169.33651733398438;178.51512145996094;-152.326904296875;-154.7765350341797;-168.84561157226562;-23.136274337768555;46.481414794921875;37.720916748046875;0.8913198709487915;0.9127242565155029;0.9483811259269714;50.029258728027344;518.284423828125;-476.8078918457031;61.85478210449219;0.9155187010765076;-0.8849999904632568;-0.8370000123977661;-0.8460000157356262;-2.569000005722046;252.8000030517578;251.3000030517578;250.1999969482422;436.5;434.29998779296875;435.6000061035156;-606.0999755859375;-199.1999969482422;-201.89999389648438;-204.3000030517578;-33.900001525878906;-63.70000076293945;14.899999618530273;14.899999618530273;615.0;208.3000030517578;201.8000030517578;204.8000030517578;-0.9980000257492065;-0.9509999752044678;0.996999979019165;0.9980000257492065;50.0;MPPT;50.043251037597656;1.0381712913513184;1.0313106775283813;1.0422582626342773;251.68243408203125;250.15309143066406;249.2464141845703;434.2496032714844;432.0684509277344;434.60186767578125;777.5159912109375;-1.9551663398742676;777.5184326171875;99.99968719482422;156945.375;818.0474853515625;2016-05-22 16:30:00;830.8193416181915;583.7195778400164;1.4233193011831775;173.1609737453689;57;-641.0419810404587
2026-04-10 17:02:29;0.36584317684173584;0.2705634832382202;0.2713955044746399;233.80325317382812;235.25198364257812;235.4415283203125;406.2586669921875;407.8374328613281;406.5492858886719;87.9265365600586;62.085052490234375;61.19173049926758;-29.66476058959961;-27.980798721313477;-35.84376525878906;-41.32594680786133;23.539451599121094;23.810102462768555;0.32871347665786743;0.4276443421840668;0.5663379430770874;50.018001556396484;216.09107971191406;-93.74717712402344;5.416997909545898;0.4352872669696808;-0.4729999899864197;-0.3499999940395355;-0.32499998807907104;-1.1480000019073486;251.89999389648438;250.60000610351562;249.3000030517578;435.1000061035156;432.8999938964844;434.0;-179.60000610351562;-56.900001525878906;-60.400001525878906;-64.0999984741211;-55.70000076293945;-70.4000015258789;7.099999904632568;7.5;216.89999389648438;91.4000015258789;60.79999923706055;64.5999984741211;-0.953000009059906;-0.625;0.9940000176429749;0.9919999837875366;50.0;MPPT;50.021358489990234;0.49213212728500366;0.48528289794921875;0.4960598349571228;250.83949279785156;249.57479858398438;248.29457092285156;432.9980773925781;430.7939147949219;433.0122985839844;367.10821533203125;18.298885345458984;367.5639953613281;-99.8759994506836;156945.375;404.07232666015625;2016-05-22 16:45:00;415.40967080909576;580.8576712890225;0.7151660231795349;181.8159401796337;60;-225.2855372132801
